label,w,w_abs
sigma,15.044240682746475,15.044240682746475
tau,8.389684073278968,8.389684073278968
V_m (nm3),-0.43549938960170087,0.43549938960170087
Eccentricity(Ear),27.471411034765573,27.471411034765573
Eccentricity(Eal),18.135640906987486,18.135640906987486
