label,w,w_abs
sigma,12.332851960740546,12.332851960740546
tau,1.5896832725689949,1.5896832725689949
V_m (nm3),7.381305260197759,7.381305260197759
Eccentricity(Ear),25.21582662430096,25.21582662430096
Eccentricity(Eal),18.381107078469,18.381107078469
