label,w,w_abs
sigma,17.630909664139363,17.630909664139363
tau,-18.803882181295357,18.803882181295357
V_m (nm3),18.17767859147528,18.17767859147528
Eccentricity(Ear),3.9262169518968295,3.9262169518968295
Eccentricity(Eal),3.069740317979775,3.069740317979775
